<?xml version='1.0' encoding='UTF-8'?>
<?compositeMetadataRepository version='1.0.0'?>
<repository name='JBoss Tools Integration Stack Target Platform' type='org.eclipse.equinox.internal.p2.metadata.repository.CompositeMetadataRepository' version='1.0.0'>
<properties size='2'>
<property name='p2.compressed' value='true'/>
<!-- 
" add this to your ~/.vimrc file, then use \ts to update timestamp to current
fun! ReplaceTimestamp()
	let tstamp = strftime("%s000")
	exe ":%s#<property name='p2.timestamp' value='[0-9]\\+'/>#<property name='p2.timestamp' value='" . tstamp . "'/>#g"
	echo "New time: " . tstamp
endfun
nnoremap <Leader>ts :call ReplaceTimestamp()<CR>
-->
<property name='p2.timestamp' value='1466530283000'/>
</properties>
<children size='2'>
<child location='../4.3.2.Final/jbtis/REPO/'/>
<child location='../4.3.2.Final/jbtis/earlyaccess/REPO/'/>
</children>
</repository>
