<?xml version="1.0" encoding="UTF-8"?>
<feature id="org.jbpm.eclipse.feature.source" version="6.5.0.Final" label="%featurename" provider-name="%providername">
  <includes id="org.jbpm.eclipse.feature" version="6.5.0.Final"/>
  <description url="http://www.jboss.org/jbpm/">
      %description
   </description>
  <copyright>
      %copyright
   </copyright>
  <license url="%licenseURL">
      %license
   </license>
  <plugin id="org.jbpm.eclipse.source" version="6.5.0.Final" download-size="0" install-size="0" unpack="false"/>
</feature>