<?xml version="1.0" encoding="UTF-8"?>
<feature
      id="org.kie.eclipse.feature"
      label="%featurename"
      version="6.5.0.Final"
      provider-name="%providername">

   <description url="http://www.jboss.org/drools/">
      %description
   </description>

   <copyright>
      %copyright
   </copyright>

   <license url="%licenseURL">
      %license
   </license>

   <requires>
      <import plugin="org.eclipse.core.runtime"/>
      <import plugin="org.eclipse.core.resources"/>
      <import plugin="org.eclipse.equinox.p2.metadata"/>
      <import plugin="org.eclipse.equinox.p2.core"/>
      <import plugin="org.eclipse.equinox.p2.metadata.repository"/>
      <import plugin="org.eclipse.equinox.p2.repository"/>
      <import plugin="org.eclipse.debug.core"/>
      <import plugin="org.eclipse.debug.ui"/>
      <import plugin="org.eclipse.jdt.core"/>
      <import plugin="org.eclipse.jdt.debug"/>
      <import plugin="org.eclipse.jdt.debug.ui"/>
      <import plugin="org.eclipse.jdt.launching"/>
      <import plugin="org.eclipse.jdt.ui"/>
      <import plugin="org.eclipse.jdt.junit"/>
      <import plugin="org.eclipse.jface.text"/>
      <import plugin="org.eclipse.ui"/>
      <import plugin="org.eclipse.ui.console"/>
      <import plugin="org.eclipse.ui.editors"/>
      <import plugin="org.eclipse.ui.forms"/>
      <import plugin="org.eclipse.ui.ide"/>
      <import plugin="org.eclipse.ui.views"/>
      <import plugin="org.eclipse.ui.views.properties.tabbed"/>
      <import plugin="org.eclipse.ui.workbench.texteditor"/>
      <import plugin="org.eclipse.gef"/>
      <import plugin="com.ibm.icu"/>
      <import plugin="org.eclipse.ltk.core.refactoring"/>
      <import plugin="org.eclipse.ltk.ui.refactoring"/>
      <import plugin="org.eclipse.swt"/>
      <import plugin="org.eclipse.jgit"/>
      <import plugin="org.eclipse.egit.core"/>
      <import plugin="org.eclipse.egit.ui"/>
      <import plugin="org.eclipse.core.filesystem"/>
      <import plugin="org.eclipse.wst.server.core"/>
   </requires>

   <plugin
         id="org.kie.eclipse"
         download-size="199"
         install-size="391"
         version="6.5.0.Final"
         unpack="false"/>

</feature>
