<?xml version='1.0' encoding='UTF-8'?>
<?artifactRepository version='1.1.0'?>
<repository name='download cache' type='org.eclipse.equinox.p2.artifact.repository.simpleRepository' version='1.0.0'>
  <properties size='2'>
    <property name='p2.system' value='true'/>
    <property name='p2.timestamp' value='1607617667318'/>
  </properties>
  <mappings size='3'>
    <rule filter='(&amp; (classifier=osgi.bundle))' output='${repoUrl}/plugins/${id}_${version}.jar'/>
    <rule filter='(&amp; (classifier=binary))' output='${repoUrl}/binary/${id}_${version}'/>
    <rule filter='(&amp; (classifier=org.eclipse.update.feature))' output='${repoUrl}/features/${id}_${version}.jar'/>
  </mappings>
  <artifacts size='4'>
    <artifact classifier='binary' id='org.eclipse.rcp_root' version='4.18.0.v20201202-1800'>
      <properties size='1'>
        <property name='download.size' value='25680'/>
      </properties>
    </artifact>
    <artifact classifier='binary' id='org.eclipse.platform_root' version='4.18.0.v20201202-1800'>
      <properties size='1'>
        <property name='download.size' value='196'/>
      </properties>
    </artifact>
    <artifact classifier='binary' id='org.eclipse.platform.ide.executable.win32.win32.x86_64' version='4.18.0.I20201202-1800'>
      <properties size='1'>
        <property name='download.size' value='158538'/>
      </properties>
    </artifact>
    <artifact classifier='binary' id='epp.package.java.executable.win32.win32.x86_64' version='4.18.0.20201210-1200'>
      <properties size='1'>
        <property name='download.size' value='158538'/>
      </properties>
    </artifact>
  </artifacts>
</repository>
