<?xml version="1.0" encoding="UTF-8"?>
<feature
      id="org.jbpm.eclipse.feature"
      label="%featurename"
      version="6.5.0.Final"
      provider-name="%providername">

   <description url="http://www.jboss.org/jbpm/">
      %description
   </description>

   <copyright>
      %copyright
   </copyright>

   <license url="%licenseURL">
      %license
   </license>

   <requires>
      <import plugin="org.eclipse.core.runtime"/>
      <import plugin="org.eclipse.debug.ui"/>
      <import plugin="org.eclipse.ui.ide"/>
      <import plugin="org.eclipse.jdt.core"/>
      <import plugin="org.eclipse.jdt.ui"/>
      <import plugin="org.eclipse.ui.views.properties.tabbed"/>
      <import plugin="org.kie.eclipse"/>
      <import plugin="org.drools.eclipse"/>
   </requires>

   <plugin
         id="org.jbpm.eclipse"
         download-size="8200"
         install-size="9199"
         version="6.5.0.Final"
         unpack="false"/>

</feature>
