<?xml version="1.0" encoding="UTF-8"?>
<feature
      id="org.drools.eclipse.feature"
      label="%featurename"
      version="6.5.0.Final"
      provider-name="%providername">

   <description url="http://www.jboss.org/drools/">
     %description
   </description>

   <copyright>
      %copyright
   </copyright>

   <license url="%licenseURL">
      %license
   </license>

   <requires>
      <import plugin="org.eclipse.core.runtime"/>
      <import plugin="org.eclipse.core.resources"/>
      <import plugin="org.eclipse.debug.core"/>
      <import plugin="org.eclipse.debug.ui"/>
      <import plugin="org.eclipse.jdt.core"/>
      <import plugin="org.eclipse.jdt.debug"/>
      <import plugin="org.eclipse.jdt.debug.ui"/>
      <import plugin="org.eclipse.jdt.launching"/>
      <import plugin="org.eclipse.jdt.ui"/>
      <import plugin="org.eclipse.jface.text"/>
      <import plugin="org.eclipse.ui"/>
      <import plugin="org.eclipse.ui.console"/>
      <import plugin="org.eclipse.ui.editors"/>
      <import plugin="org.eclipse.ui.forms"/>
      <import plugin="org.eclipse.ui.ide"/>
      <import plugin="org.eclipse.ui.views"/>
      <import plugin="org.eclipse.ui.workbench.texteditor"/>
      <import plugin="org.eclipse.gef"/>
      <import plugin="com.ibm.icu"/>
      <import plugin="org.eclipse.equinox.p2.metadata" version="2.0.0" match="greaterOrEqual"/>
      <import plugin="org.eclipse.equinox.p2.core" version="2.2.0" match="greaterOrEqual"/>
      <import plugin="org.eclipse.equinox.p2.metadata.repository" version="1.2.0" match="greaterOrEqual"/>
      <import plugin="org.eclipse.equinox.p2.repository" version="2.2.0" match="greaterOrEqual"/>
      <import plugin="org.eclipse.jdt.junit"/>
      <import plugin="org.eclipse.ui.views.properties.tabbed"/>
      <import plugin="org.eclipse.ltk.core.refactoring" version="3.4.0" match="greaterOrEqual"/>
      <import plugin="org.eclipse.ltk.ui.refactoring" version="3.4.0" match="greaterOrEqual"/>
      <import plugin="org.eclipse.swt"/>
      <import plugin="org.eclipse.jgit"/>
      <import plugin="org.kie.eclipse"/>
   </requires>

   <plugin
         id="org.drools.eclipse"
         download-size="13187"
         install-size="15538"
         version="6.5.0.Final"
         unpack="false"/>

</feature>
