<?xml version="1.0" encoding="UTF-8"?>
<java version="15.0.1" class="java.beans.XMLDecoder">
 <object class="org.eclipse.epp.internal.mpc.ui.catalog.MarketplaceInfo" id="MarketplaceInfo0">
  <void property="iuToNodeKey">
   <void method="put">
    <string>org.eclipse.embedcdt.templates.stm</string>
    <object class="java.util.ArrayList">
     <void method="add">
      <string>https://marketplace.eclipse.org#2593184</string>
     </void>
    </object>
   </void>
   <void method="put">
    <string>de.bastiankrol.startexplorer.feature</string>
    <object class="java.util.ArrayList">
     <void method="add">
      <string>https://marketplace.eclipse.org#775276</string>
     </void>
    </object>
   </void>
   <void method="put">
    <string>com.drgarbage.bytecodevisualizer</string>
    <object class="java.util.ArrayList">
     <void method="add">
      <string>https://marketplace.eclipse.org#678</string>
     </void>
    </object>
   </void>
   <void method="put">
    <string>tern-server-nodejs-feature</string>
    <object class="java.util.ArrayList">
     <void method="add">
      <string>https://marketplace.eclipse.org#775276</string>
     </void>
    </object>
   </void>
   <void method="put">
    <string>code.google.restclient.tool.feature</string>
    <object class="java.util.ArrayList">
     <void method="add">
      <string>https://marketplace.eclipse.org#775276</string>
     </void>
    </object>
   </void>
   <void method="put">
    <string>org.eclipse.wst.xml_ui.feature</string>
    <object class="java.util.ArrayList">
     <void method="add">
      <string>https://marketplace.eclipse.org#2963400</string>
     </void>
    </object>
   </void>
   <void method="put">
    <string>org.eclipse.embedcdt.codered</string>
    <object class="java.util.ArrayList">
     <void method="add">
      <string>https://marketplace.eclipse.org#2593184</string>
     </void>
    </object>
   </void>
   <void method="put">
    <string>org.eclipse.embedcdt.debug.gdbjtag.jlink</string>
    <object class="java.util.ArrayList">
     <void method="add">
      <string>https://marketplace.eclipse.org#2593184</string>
     </void>
    </object>
   </void>
   <void method="put">
    <string>org.eclipse.bpmn2.modeler.examples</string>
    <object class="java.util.ArrayList">
     <void method="add">
      <string>https://marketplace.eclipse.org#2799080</string>
     </void>
    </object>
   </void>
   <void method="put">
    <string>org.eclipse.wst.web_ui.feature</string>
    <object class="java.util.ArrayList">
     <void method="add">
      <string>https://marketplace.eclipse.org#2963400</string>
     </void>
    </object>
   </void>
   <void method="put">
    <string>org.eclipse.egit</string>
    <object class="java.util.ArrayList">
     <void method="add">
      <string>https://marketplace.eclipse.org#2963400</string>
     </void>
    </object>
   </void>
   <void method="put">
    <string>org.eclipse.wst.web_js_support.feature</string>
    <object class="java.util.ArrayList">
     <void method="add">
      <string>https://marketplace.eclipse.org#2963400</string>
     </void>
    </object>
   </void>
   <void method="put">
    <string>org.obeonetwork.m2doc.sirius.feature.feature.group</string>
    <object class="java.util.ArrayList">
     <void method="add">
      <string>https://marketplace.eclipse.org#4000237</string>
     </void>
    </object>
   </void>
   <void method="put">
    <string>org.eclipse.embedcdt.templates.cortexm</string>
    <object class="java.util.ArrayList">
     <void method="add">
      <string>https://marketplace.eclipse.org#2593184</string>
     </void>
    </object>
   </void>
   <void method="put">
    <string>org.eclipse.photran</string>
    <object class="java.util.ArrayList">
     <void method="add">
      <string>https://marketplace.eclipse.org#3943975</string>
     </void>
    </object>
   </void>
   <void method="put">
    <string>org.imixs.eclipse.bpmn2.feature</string>
    <object class="java.util.ArrayList">
     <void method="add">
      <string>https://marketplace.eclipse.org#178</string>
     </void>
    </object>
   </void>
   <void method="put">
    <string>org.eclipse.bpmn2.modeler</string>
    <object class="java.util.ArrayList">
     <void method="add">
      <string>https://marketplace.eclipse.org#2799080</string>
     </void>
    </object>
   </void>
   <void method="put">
    <string>tern-feature</string>
    <object class="java.util.ArrayList">
     <void method="add">
      <string>https://marketplace.eclipse.org#775276</string>
     </void>
    </object>
   </void>
   <void method="put">
    <string>org.eclipse.tcf.te.terminals.feature</string>
    <object class="java.util.ArrayList">
     <void method="add">
      <string>https://marketplace.eclipse.org#775276</string>
     </void>
    </object>
   </void>
   <void method="put">
    <string>pm.eclipse.editbox.feature</string>
    <object class="java.util.ArrayList">
     <void method="add">
      <string>https://marketplace.eclipse.org#775276</string>
     </void>
    </object>
   </void>
   <void method="put">
    <string>org.eclipse.embedcdt.managedbuild.cross.riscv</string>
    <object class="java.util.ArrayList">
     <void method="add">
      <string>https://marketplace.eclipse.org#2593184</string>
     </void>
    </object>
   </void>
   <void method="put">
    <string>org.eclipse.photran.xlf</string>
    <object class="java.util.ArrayList">
     <void method="add">
      <string>https://marketplace.eclipse.org#3943975</string>
     </void>
    </object>
   </void>
   <void method="put">
    <string>eclatosa</string>
    <object class="java.util.ArrayList">
     <void method="add">
      <string>https://marketplace.eclipse.org#40935</string>
     </void>
    </object>
   </void>
   <void method="put">
    <string>io.emmet.eclipse</string>
    <object class="java.util.ArrayList">
     <void method="add">
      <string>https://marketplace.eclipse.org#775276</string>
     </void>
    </object>
   </void>
   <void method="put">
    <string>org.eclipse.embedcdt.templates.sifive</string>
    <object class="java.util.ArrayList">
     <void method="add">
      <string>https://marketplace.eclipse.org#2593184</string>
     </void>
    </object>
   </void>
   <void method="put">
    <string>com.jboss.devstudio.core.feature</string>
    <object class="java.util.ArrayList">
     <void method="add">
      <string>https://marketplace.eclipse.org#2872800</string>
     </void>
    </object>
   </void>
   <void method="put">
    <string>org.nodeclipse.jjs.feature</string>
    <object class="java.util.ArrayList">
     <void method="add">
      <string>https://marketplace.eclipse.org#775276</string>
     </void>
    </object>
   </void>
   <void method="put">
    <string>com.devepos.adt.abaptags</string>
    <object class="java.util.ArrayList">
     <void method="add">
      <string>https://marketplace.eclipse.org#5172007</string>
     </void>
    </object>
   </void>
   <void method="put">
    <string>org.eclipse.wildwebdeveloper.feature</string>
    <object class="java.util.ArrayList">
     <void method="add">
      <string>https://marketplace.eclipse.org#2963400</string>
     </void>
    </object>
   </void>
   <void method="put">
    <string>org.eclipse.photran.intel</string>
    <object class="java.util.ArrayList">
     <void method="add">
      <string>https://marketplace.eclipse.org#3943975</string>
     </void>
    </object>
   </void>
   <void method="put">
    <string>org.eclipse.embedcdt.debug.gdbjtag.qemu</string>
    <object class="java.util.ArrayList">
     <void method="add">
      <string>https://marketplace.eclipse.org#2593184</string>
     </void>
    </object>
   </void>
   <void method="put">
    <string>net.mihai-nita.ansicon</string>
    <object class="java.util.ArrayList">
     <void method="add">
      <string>https://marketplace.eclipse.org#775276</string>
     </void>
    </object>
   </void>
   <void method="put">
    <string>org.sf.feeling.decompiler</string>
    <object class="java.util.ArrayList">
     <void method="add">
      <string>https://marketplace.eclipse.org#3644319</string>
     </void>
    </object>
   </void>
   <void method="put">
    <string>com.onpositive.pictureviewer.feature</string>
    <object class="java.util.ArrayList">
     <void method="add">
      <string>https://marketplace.eclipse.org#3571619</string>
     </void>
    </object>
   </void>
   <void method="put">
    <string>org.nodeclipse.enide.editors.jade.feature</string>
    <object class="java.util.ArrayList">
     <void method="add">
      <string>https://marketplace.eclipse.org#775276</string>
     </void>
    </object>
   </void>
   <void method="put">
    <string>org.eclipse.wst.server_adapters.feature</string>
    <object class="java.util.ArrayList">
     <void method="add">
      <string>https://marketplace.eclipse.org#2963400</string>
     </void>
    </object>
   </void>
   <void method="put">
    <string>org.adichatz.feature</string>
    <object class="java.util.ArrayList">
     <void method="add">
      <string>https://marketplace.eclipse.org#941</string>
     </void>
    </object>
   </void>
   <void method="put">
    <string>org.sf.feeling.decompiler.cfr</string>
    <object class="java.util.ArrayList">
     <void method="add">
      <string>https://marketplace.eclipse.org#3644319</string>
     </void>
    </object>
   </void>
   <void method="put">
    <string>org.nodeclipse</string>
    <object class="java.util.ArrayList">
     <void method="add">
      <string>https://marketplace.eclipse.org#775276</string>
     </void>
    </object>
   </void>
   <void method="put">
    <string>org.eclipse.wildwebdeveloper.embedder.node.feature</string>
    <object class="java.util.ArrayList">
     <void method="add">
      <string>https://marketplace.eclipse.org#2963400</string>
     </void>
    </object>
   </void>
   <void method="put">
    <string>com.eclipsesource.jshint.feature</string>
    <object class="java.util.ArrayList">
     <void method="add">
      <string>https://marketplace.eclipse.org#775276</string>
     </void>
    </object>
   </void>
   <void method="put">
    <string>org.obeonetwork.m2doc.ui.feature.feature.group</string>
    <object class="java.util.ArrayList">
     <void method="add">
      <string>https://marketplace.eclipse.org#4000237</string>
     </void>
    </object>
   </void>
   <void method="put">
    <string>org.eclipse.embedcdt.debug.gdbjtag.pyocd</string>
    <object class="java.util.ArrayList">
     <void method="add">
      <string>https://marketplace.eclipse.org#2593184</string>
     </void>
    </object>
   </void>
   <void method="put">
    <string>com.dubture.symfony.feature</string>
    <object class="java.util.ArrayList">
     <void method="add">
      <string>https://marketplace.eclipse.org#220368</string>
     </void>
    </object>
   </void>
   <void method="put">
    <string>gitaddon.feature</string>
    <object class="java.util.ArrayList">
     <void method="add">
      <string>https://marketplace.eclipse.org#775276</string>
     </void>
    </object>
   </void>
   <void method="put">
    <string>org.sf.feeling.decompiler.jd</string>
    <object class="java.util.ArrayList">
     <void method="add">
      <string>https://marketplace.eclipse.org#3644319</string>
     </void>
    </object>
   </void>
   <void method="put">
    <string>org.sf.feeling.decompiler.source</string>
    <object class="java.util.ArrayList">
     <void method="add">
      <string>https://marketplace.eclipse.org#3644319</string>
     </void>
    </object>
   </void>
   <void method="put">
    <string>org.obeonetwork.m2doc.feature.feature.group</string>
    <object class="java.util.ArrayList">
     <void method="add">
      <string>https://marketplace.eclipse.org#4000237</string>
     </void>
    </object>
   </void>
   <void method="put">
    <string>org.eclipse.embedcdt.packs</string>
    <object class="java.util.ArrayList">
     <void method="add">
      <string>https://marketplace.eclipse.org#2593184</string>
     </void>
    </object>
   </void>
   <void method="put">
    <string>markdown.editor.feature</string>
    <object class="java.util.ArrayList">
     <void method="add">
      <string>https://marketplace.eclipse.org#775276</string>
     </void>
    </object>
   </void>
   <void method="put">
    <string>org.nodeclipse.phantomjs.feature</string>
    <object class="java.util.ArrayList">
     <void method="add">
      <string>https://marketplace.eclipse.org#775276</string>
     </void>
    </object>
   </void>
   <void method="put">
    <string>org.sf.feeling.decompiler.procyon</string>
    <object class="java.util.ArrayList">
     <void method="add">
      <string>https://marketplace.eclipse.org#3644319</string>
     </void>
    </object>
   </void>
   <void method="put">
    <string>com.jboss.devstudio.integration-stack.bpr.feature</string>
    <object class="java.util.ArrayList">
     <void method="add">
      <string>https://marketplace.eclipse.org#2872800</string>
     </void>
    </object>
   </void>
   <void method="put">
    <string>org.dadacoalition.yedit.feature</string>
    <object class="java.util.ArrayList">
     <void method="add">
      <string>https://marketplace.eclipse.org#220368</string>
     </void>
    </object>
   </void>
   <void method="put">
    <string>com.helospark.ImportJarAsProjectFeature</string>
    <object class="java.util.ArrayList">
     <void method="add">
      <string>https://marketplace.eclipse.org#4417215</string>
     </void>
    </object>
   </void>
   <void method="put">
    <string>tern-jsdt-feature</string>
    <object class="java.util.ArrayList">
     <void method="add">
      <string>https://marketplace.eclipse.org#775276</string>
     </void>
    </object>
   </void>
   <void method="put">
    <string>org.eclipse.bpmn2.modeler.runtime.jboss</string>
    <object class="java.util.ArrayList">
     <void method="add">
      <string>https://marketplace.eclipse.org#2799080</string>
     </void>
    </object>
   </void>
   <void method="put">
    <string>org.eclipse.tips.feature</string>
    <object class="java.util.ArrayList">
     <void method="add">
      <string>https://marketplace.eclipse.org#2963400</string>
     </void>
    </object>
   </void>
   <void method="put">
    <string>org.eclipse.wst.xsl.feature</string>
    <object class="java.util.ArrayList">
     <void method="add">
      <string>https://marketplace.eclipse.org#2963400</string>
     </void>
    </object>
   </void>
   <void method="put">
    <string>org.sf.feeling.decompiler.jad</string>
    <object class="java.util.ArrayList">
     <void method="add">
      <string>https://marketplace.eclipse.org#3644319</string>
     </void>
    </object>
   </void>
   <void method="put">
    <string>org.eclipse.tm.terminal.feature</string>
    <object class="java.util.ArrayList">
     <void method="add">
      <string>https://marketplace.eclipse.org#2963400</string>
     </void>
    </object>
   </void>
   <void method="put">
    <string>code.satyagraha.gfm.viewer.feature</string>
    <object class="java.util.ArrayList">
     <void method="add">
      <string>https://marketplace.eclipse.org#775276</string>
     </void>
    </object>
   </void>
   <void method="put">
    <string>org.eclipse.wst.server_ui.feature</string>
    <object class="java.util.ArrayList">
     <void method="add">
      <string>https://marketplace.eclipse.org#2963400</string>
     </void>
    </object>
   </void>
   <void method="put">
    <string>org.chromium.sdk</string>
    <object class="java.util.ArrayList">
     <void method="add">
      <string>https://marketplace.eclipse.org#775276</string>
     </void>
    </object>
   </void>
   <void method="put">
    <string>net.resheim.eclipse.timekeeper</string>
    <object class="java.util.ArrayList">
     <void method="add">
      <string>https://marketplace.eclipse.org#2196325</string>
     </void>
    </object>
   </void>
   <void method="put">
    <string>net.harawata.mybatipse.feature</string>
    <object class="java.util.ArrayList">
     <void method="add">
      <string>https://marketplace.eclipse.org#1467819</string>
     </void>
    </object>
   </void>
   <void method="put">
    <string>org.nodeclipse.mongodb.feature</string>
    <object class="java.util.ArrayList">
     <void method="add">
      <string>https://marketplace.eclipse.org#775276</string>
     </void>
    </object>
   </void>
   <void method="put">
    <string>org.eclipse.jdt.bcoview.feature</string>
    <object class="java.util.ArrayList">
     <void method="add">
      <string>https://marketplace.eclipse.org#124</string>
     </void>
    </object>
   </void>
   <void method="put">
    <string>org.eclipse.embedcdt.debug.gdbjtag.openocd</string>
    <object class="java.util.ArrayList">
     <void method="add">
      <string>https://marketplace.eclipse.org#2593184</string>
     </void>
    </object>
   </void>
   <void method="put">
    <string>org.eclipse.embedcdt.templates.ad</string>
    <object class="java.util.ArrayList">
     <void method="add">
      <string>https://marketplace.eclipse.org#2593184</string>
     </void>
    </object>
   </void>
   <void method="put">
    <string>org.chromium.debug</string>
    <object class="java.util.ArrayList">
     <void method="add">
      <string>https://marketplace.eclipse.org#775276</string>
     </void>
    </object>
   </void>
   <void method="put">
    <string>org.eclipse.embedcdt.managedbuild.cross.arm</string>
    <object class="java.util.ArrayList">
     <void method="add">
      <string>https://marketplace.eclipse.org#2593184</string>
     </void>
    </object>
   </void>
   <void method="put">
    <string>org.nodeclipse.pluginslist.feature</string>
    <object class="java.util.ArrayList">
     <void method="add">
      <string>https://marketplace.eclipse.org#775276</string>
     </void>
    </object>
   </void>
  </void>
  <void property="nodeKeyToIU">
   <void method="put">
    <string>https://marketplace.eclipse.org#3644319</string>
    <object class="java.util.ArrayList">
     <void method="add">
      <string>org.sf.feeling.decompiler</string>
     </void>
     <void method="add">
      <string>org.sf.feeling.decompiler.cfr</string>
     </void>
     <void method="add">
      <string>org.sf.feeling.decompiler.jad</string>
     </void>
     <void method="add">
      <string>org.sf.feeling.decompiler.jd</string>
     </void>
     <void method="add">
      <string>org.sf.feeling.decompiler.procyon</string>
     </void>
     <void method="add">
      <string>org.sf.feeling.decompiler.source</string>
     </void>
    </object>
   </void>
   <void method="put">
    <string>https://marketplace.eclipse.org#3943975</string>
    <object class="java.util.ArrayList">
     <void method="add">
      <string>org.eclipse.photran</string>
     </void>
     <void method="add">
      <string>org.eclipse.photran.intel</string>
     </void>
     <void method="add">
      <string>org.eclipse.photran.xlf</string>
     </void>
    </object>
   </void>
   <void method="put">
    <string>https://marketplace.eclipse.org#5172007</string>
    <object class="java.util.ArrayList">
     <void method="add">
      <string>com.devepos.adt.abaptags</string>
     </void>
    </object>
   </void>
   <void method="put">
    <string>https://marketplace.eclipse.org#775276</string>
    <object class="java.util.ArrayList">
     <void method="add">
      <string>org.nodeclipse.pluginslist.feature</string>
     </void>
     <void method="add">
      <string>org.nodeclipse</string>
     </void>
     <void method="add">
      <string>org.nodeclipse.enide.editors.jade.feature</string>
     </void>
     <void method="add">
      <string>org.chromium.sdk</string>
     </void>
     <void method="add">
      <string>org.chromium.debug</string>
     </void>
     <void method="add">
      <string>com.eclipsesource.jshint.feature</string>
     </void>
     <void method="add">
      <string>code.satyagraha.gfm.viewer.feature</string>
     </void>
     <void method="add">
      <string>de.bastiankrol.startexplorer.feature</string>
     </void>
     <void method="add">
      <string>code.google.restclient.tool.feature</string>
     </void>
     <void method="add">
      <string>org.nodeclipse.jjs.feature</string>
     </void>
     <void method="add">
      <string>org.nodeclipse.phantomjs.feature</string>
     </void>
     <void method="add">
      <string>org.nodeclipse.mongodb.feature</string>
     </void>
     <void method="add">
      <string>markdown.editor.feature</string>
     </void>
     <void method="add">
      <string>gitaddon.feature</string>
     </void>
     <void method="add">
      <string>net.mihai-nita.ansicon</string>
     </void>
     <void method="add">
      <string>pm.eclipse.editbox.feature</string>
     </void>
     <void method="add">
      <string>io.emmet.eclipse</string>
     </void>
     <void method="add">
      <string>tern-feature</string>
     </void>
     <void method="add">
      <string>tern-jsdt-feature</string>
     </void>
     <void method="add">
      <string>tern-server-nodejs-feature</string>
     </void>
     <void method="add">
      <string>org.eclipse.tcf.te.terminals.feature</string>
     </void>
    </object>
   </void>
   <void method="put">
    <string>https://marketplace.eclipse.org#678</string>
    <object class="java.util.ArrayList">
     <void method="add">
      <string>com.drgarbage.bytecodevisualizer</string>
     </void>
    </object>
   </void>
   <void method="put">
    <string>https://marketplace.eclipse.org#941</string>
    <object class="java.util.ArrayList">
     <void method="add">
      <string>org.adichatz.feature</string>
     </void>
    </object>
   </void>
   <void method="put">
    <string>https://marketplace.eclipse.org#1467819</string>
    <object class="java.util.ArrayList">
     <void method="add">
      <string>net.harawata.mybatipse.feature</string>
     </void>
    </object>
   </void>
   <void method="put">
    <string>https://marketplace.eclipse.org#4417215</string>
    <object class="java.util.ArrayList">
     <void method="add">
      <string>com.helospark.ImportJarAsProjectFeature</string>
     </void>
    </object>
   </void>
   <void method="put">
    <string>https://marketplace.eclipse.org#2963400</string>
    <object class="java.util.ArrayList">
     <void method="add">
      <string>org.eclipse.wst.web_ui.feature</string>
     </void>
     <void method="add">
      <string>org.eclipse.wst.xml_ui.feature</string>
     </void>
     <void method="add">
      <string>org.eclipse.wst.web_js_support.feature</string>
     </void>
     <void method="add">
      <string>org.eclipse.wst.xsl.feature</string>
     </void>
     <void method="add">
      <string>org.eclipse.wildwebdeveloper.feature</string>
     </void>
     <void method="add">
      <string>org.eclipse.wst.server_adapters.feature</string>
     </void>
     <void method="add">
      <string>org.eclipse.tm.terminal.feature</string>
     </void>
     <void method="add">
      <string>org.eclipse.egit</string>
     </void>
     <void method="add">
      <string>org.eclipse.tips.feature</string>
     </void>
     <void method="add">
      <string>org.eclipse.wildwebdeveloper.embedder.node.feature</string>
     </void>
     <void method="add">
      <string>org.eclipse.wst.server_ui.feature</string>
     </void>
    </object>
   </void>
   <void method="put">
    <string>https://marketplace.eclipse.org#124</string>
    <object class="java.util.ArrayList">
     <void method="add">
      <string>org.eclipse.jdt.bcoview.feature</string>
     </void>
    </object>
   </void>
   <void method="put">
    <string>https://marketplace.eclipse.org#178</string>
    <object class="java.util.ArrayList">
     <void method="add">
      <string>org.imixs.eclipse.bpmn2.feature</string>
     </void>
    </object>
   </void>
   <void method="put">
    <string>https://marketplace.eclipse.org#4000237</string>
    <object class="java.util.ArrayList">
     <void method="add">
      <string>org.obeonetwork.m2doc.feature.feature.group</string>
     </void>
     <void method="add">
      <string>org.obeonetwork.m2doc.ui.feature.feature.group</string>
     </void>
     <void method="add">
      <string>org.obeonetwork.m2doc.sirius.feature.feature.group</string>
     </void>
    </object>
   </void>
   <void method="put">
    <string>https://marketplace.eclipse.org#2872800</string>
    <object class="java.util.ArrayList">
     <void method="add">
      <string>com.jboss.devstudio.core.feature</string>
     </void>
     <void method="add">
      <string>com.jboss.devstudio.integration-stack.bpr.feature</string>
     </void>
    </object>
   </void>
   <void method="put">
    <string>https://marketplace.eclipse.org#2593184</string>
    <object class="java.util.ArrayList">
     <void method="add">
      <string>org.eclipse.embedcdt.managedbuild.cross.arm</string>
     </void>
     <void method="add">
      <string>org.eclipse.embedcdt.managedbuild.cross.riscv</string>
     </void>
     <void method="add">
      <string>org.eclipse.embedcdt.codered</string>
     </void>
     <void method="add">
      <string>org.eclipse.embedcdt.debug.gdbjtag.jlink</string>
     </void>
     <void method="add">
      <string>org.eclipse.embedcdt.debug.gdbjtag.openocd</string>
     </void>
     <void method="add">
      <string>org.eclipse.embedcdt.debug.gdbjtag.pyocd</string>
     </void>
     <void method="add">
      <string>org.eclipse.embedcdt.debug.gdbjtag.qemu</string>
     </void>
     <void method="add">
      <string>org.eclipse.embedcdt.templates.stm</string>
     </void>
     <void method="add">
      <string>org.eclipse.embedcdt.templates.sifive</string>
     </void>
     <void method="add">
      <string>org.eclipse.embedcdt.templates.ad</string>
     </void>
     <void method="add">
      <string>org.eclipse.embedcdt.packs</string>
     </void>
     <void method="add">
      <string>org.eclipse.embedcdt.templates.cortexm</string>
     </void>
    </object>
   </void>
   <void method="put">
    <string>https://marketplace.eclipse.org#2799080</string>
    <object class="java.util.ArrayList">
     <void method="add">
      <string>org.eclipse.bpmn2.modeler</string>
     </void>
     <void method="add">
      <string>org.eclipse.bpmn2.modeler.runtime.jboss</string>
     </void>
     <void method="add">
      <string>org.eclipse.bpmn2.modeler.examples</string>
     </void>
    </object>
   </void>
   <void method="put">
    <string>https://marketplace.eclipse.org#40935</string>
    <object class="java.util.ArrayList">
     <void method="add">
      <string>eclatosa</string>
     </void>
    </object>
   </void>
   <void method="put">
    <string>https://marketplace.eclipse.org#2196325</string>
    <object class="java.util.ArrayList">
     <void method="add">
      <string>net.resheim.eclipse.timekeeper</string>
     </void>
    </object>
   </void>
   <void method="put">
    <string>https://marketplace.eclipse.org#220368</string>
    <object class="java.util.ArrayList">
     <void method="add">
      <string>com.dubture.symfony.feature</string>
     </void>
     <void method="add">
      <string>org.dadacoalition.yedit.feature</string>
     </void>
    </object>
   </void>
   <void method="put">
    <string>https://marketplace.eclipse.org#3571619</string>
    <object class="java.util.ArrayList">
     <void method="add">
      <string>com.onpositive.pictureviewer.feature</string>
     </void>
    </object>
   </void>
  </void>
 </object>
</java>
