<?xml version="1.0" encoding="UTF-8"?>
<feature
      id="org.eclipse.jgit"
      label="%featureName"
      version="5.10.0.202012080955-r"
      provider-name="%providerName">

   <description url="http://www.eclipse.org/jgit/">
      %description
   </description>

   <copyright>
      %copyright
   </copyright>

   <license url="%licenseURL">
      %license
   </license>

   <url>
      <update label="%updateSiteName" url="https://download.eclipse.org/egit/updates"/>
      <discovery label="%updateSiteName" url="https://download.eclipse.org/egit/updates"/>
   </url>

   <plugin
         id="org.eclipse.jgit"
         download-size="2785"
         install-size="5763"
         version="5.10.0.202012080955-r"
         unpack="false"/>

   <plugin
         id="org.eclipse.jgit.archive"
         download-size="24"
         install-size="49"
         version="5.10.0.202012080955-r"
         unpack="false"/>

</feature>
